cat_id, top_cat_name
e046b1f0-8009-449a-8bca-58ade8d798b5,Commercial
88723a81-c40d-4ead-a432-c0d7eeb4475f,Produit / Projet
7a132e33-3aa6-43a6-b099-eef5c3456485,Commercial
967f02a0-94c5-4930-aaab-287cfb49e40e,Produit / Projet
a1a5a3f0-f1a6-4086-8994-2264827f40cc,Autre
42279eac-8927-48c6-9995-6951c6a274c4,Administration / Finance / Comptabilité
d09bd828-2735-4e9f-991a-33b40978a134,Marketing
d815f856-00c2-48a7-83d2-cb942f84a752,Commercial
edbb4cc9-6408-4e8c-9385-e8c2fc54b13f,Relation Client
d26f5b4d-027f-4dda-b858-241d0745ffa4,Commercial
9162aa99-9e8e-41f8-9aea-ab58b8761c91,Produit / Projet
0f514d12-355a-4e9e-97a1-e9b93c915be5,Informatique
d59a15b2-93f0-4a14-9a2d-11b5c01ee617,Informatique
82f58740-654f-46df-b653-470f86086c03,Autre
24a78945-6a72-406c-98f6-da33ad4c715d,Informatique
57da6d26-af44-4f32-a680-141c7840bbb9,Commercial
16d0646c-3b1b-4a8e-8222-ce25c83a4279,Marketing
af0acb21-45fc-47f1-9f4b-da567eec7e64,Ressources Humaines
da6f919f-fa69-4226-8458-84c6e831dfaa,Direction Générale
cea61c05-8ad9-40a5-91c8-8671f5097a0b,Relation Client
2f95b375-eae2-474a-8b29-eaafca89dd4d,Juridique
cb95286b-b7d0-4ad2-b2c1-4dca6705fea2,Informatique
db7666ca-35b1-4a73-b97e-16c3deac4567,Informatique
abe506d3-adba-4655-847d-561813f755e3,Commercial
d4d91d05-ec7a-4ab5-8020-b1dba5cf3e52,Ressources Humaines
c4d0d76f-bbdd-414b-bbe9-1827c4ce83fc,Ressources Humaines
83de5f2d-7fb0-4881-a497-4dfe0f9e086f,Informatique
d88f1455-544e-44a1-b45b-e8f67ad9d14c,Informatique
6e794f5a-0c25-4456-9386-8f48ba341809,Direction Générale
f66ce974-13a7-464b-9dcf-1c253a254152,Marketing
5fe7d242-629d-4617-90b6-ee62471502e7,Marketing
8444f5c3-dd65-4c6a-a834-15aaf5b34583,Marketing
50a08b3b-54fa-47f9-8546-5e62b06b6b79,Relation Client
4870d323-b192-43fd-a3ce-80f183c3b076,Relation Client
0a7bc74a-cd7b-4b39-b5bb-5698ba1d0e33,Administration / Finance / Comptabilité
ab2b9cc6-481c-4bb5-b33b-ade9d7923b6d,Marketing
abcff8a1-75a0-4b11-aa64-9310f59b365e,Relation Client
028d31a7-60e7-464c-a523-c396aaba9c1b,Informatique
ffe0e0f5-a4f4-4454-9eeb-355dee4a7b47,Produit / Projet
3cd41ec1-6d10-4798-bcb5-53000bede02e,Marketing
c6383044-ed19-4b50-82e0-68e3e1f0f0d8,Marketing
7aca4b4e-a29b-4c86-a43b-f58dae783d97,Produit / Projet
032c2727-5aac-4399-a561-adc84cecb51e,Produit / Projet
7973944c-e3ef-41c0-b755-30731e47a887,Informatique
c9cb6b60-0908-4b1a-bba0-b3990fb87d12,Direction Générale
d5cc8333-ecf6-4377-8439-7b247fc226c1,Administration / Finance / Comptabilité
9bf86a12-9a43-47cb-90f0-8077cfbfe426,Direction Générale
30202708-0dc4-45d6-a06f-05ec89292ae4,Informatique
2986872f-168c-431f-a2f3-d50920648df1,Commercial
52af420c-f004-4357-a1bc-58979079ef6d,Informatique
c85f2717-884c-447e-89dc-6454e573cff6,Informatique
eea2ce13-86f2-4522-bcd1-4a7a663f3d20,Informatique
759567b1-8d0b-4da8-8d35-b8196d20180a,Informatique
10fd69dd-2b20-4c8c-b4b4-f9859ce443eb,Commercial
09b2264e-a5e7-4302-8c93-e0848eb6c11e,Informatique
526cdf96-c989-44e8-9e9e-323683e52cd2,Marketing
1b78ef01-ae19-4829-94b3-d2a10802b948,Produit / Projet
0065381a-c975-4a8f-9741-8e138e95bb0f,Marketing
083a9a77-3cfc-45af-a871-7c2f0d45355c,Informatique
0a0f1aea-d84c-4e2e-bbed-7198b0c21729,Informatique
5ef4f73e-2f32-4e46-91e8-4fbaed6ef787,Marketing
a7439200-0590-4598-84cc-4ea45222c9ba,Marketing
b57a10bc-0afb-4581-a92d-5983fef06ba8,Informatique
9165ad49-8c2a-4f23-96ca-187094daab8d,Produit / Projet
2a120fbb-aa18-4a32-a003-9aee585f92ec,Marketing
4c96c17d-247f-4234-8eab-5fcceaed696b,Produit / Projet
5d28d1e2-9e6b-46d4-817a-092e661597e0,Produit / Projet
36c3c67a-274d-48ab-a8b0-a039952cdc0f,Informatique
4e1fc924-f874-4196-97f1-556fceaf5541,Informatique
4f7da99d-04e9-4e5c-8bb0-cef1c920a8f2,Autre
53c7c5e4-8424-4b4b-861c-ec885cf68f74,Autre
6c6a2963-87ce-43e3-9b2e-929c0328513c,Autre
0bc1fd89-9ad9-4550-8db2-72da549a5bfe,Autre
855b8f7b-c0ef-4904-b48d-5ef314dc6826,Informatique
cab86417-9045-4c07-b96e-4c6bc8230bcb,Marketing
ae26c0e8-aa90-468e-91ce-525f4d9b5c5b,Autre
845e5de6-8fbd-4da2-96b2-e597133e0335,Autre
612bbaea-e065-484c-a739-45dee9636919,Informatique
faa2f751-ade1-4ce7-aacf-26bd30c10bef,Produit / Projet
900f218a-f4b0-48fa-afed-6b8379d1b1f1,Administration / Finance / Comptabilité
171f72d7-8bb0-4896-be43-6fb02f7450a8,Administration / Finance / Comptabilité
11e84c07-ee61-46b0-af8f-70ca8af65c42,Autre
2e7f9937-6d52-4d5a-9bf2-ac53869eab3d,Autre
b01113ad-9463-4522-aa24-3e34654f51bc,Autre
db13caa8-725b-4bfd-bf96-4281471fa827,Autre
a425541c-605b-4f9c-ac9c-bb59f1087f10,Informatique
4d47cea1-2991-4534-9274-2f25749158b9,Informatique
0a1f312f-50df-434b-bf7a-ff5d342026c0,Administration / Finance / Comptabilité
2ce5ad91-ba09-4e7a-be05-25ae7e577875,Informatique
8abbc83f-e319-484e-ad23-3451b59951e9,Informatique
a708b4c0-e484-4eb0-8514-9a8dde0f7694,Informatique
fed6b62b-9720-40b9-80cb-d0232c388905,Informatique
2da70af4-566a-4f28-bb28-505ac6f3af94,Informatique
e4c13352-c38f-459e-9c25-765210881b96,Administration / Finance / Comptabilité
c5082560-f179-4929-a52e-7841beb45716,Marketing
0ae4c704-477f-477e-8118-b80226b9dc38,Informatique
e55b6708-4129-4eed-9d3a-c3a3f72fa92b,Produit / Projet
9b17ac74-d0e8-41d1-a33f-16c0dd3920a8,Informatique
fe651a06-17fd-4c27-afbc-5063d777e129,Marketing
5c022147-cfaf-4e17-a0e4-5448120dad64,Marketing
